{
    "accuracy": 0.9736842105263158,
    "precision": 0.9722222222222222,
    "recall": 0.9859154929577465,
    "f1": 0.9790209790209791
}